<?xml version="1.0" encoding="UTF-8"?>
<project-private xmlns="http://www.netbeans.org/ns/project-private/1">
    <editor-bookmarks xmlns="http://www.netbeans.org/ns/editor-bookmarks/2" lastBookmarkId="0"/>
    <open-files xmlns="http://www.netbeans.org/ns/projectui-open-files/2">
        <group>
            <file>file:/E:/文件/大一/程式設計-期末專題/C111118223/src/c111118223/FXMLDocument.fxml</file>
            <file>file:/E:/文件/大一/程式設計-期末專題/C111118223/src/c111118223/FXMLDocumentController.java</file>
            <file>file:/E:/文件/大一/程式設計-期末專題/C111118223/src/c111118223/C111118223.java</file>
        </group>
    </open-files>
</project-private>
